{
    "jobs": [
        {
            "id": 1,
            "Location": "Boston, MA",
            "title": "Associate Interactive Developer",
            "description": "Lorem ipsum dolor sit amet, consectetur adipiscing elit. Integer malesuada diam ultrices, tempus massa consectetur, venenatis mauris. Maecenas et dui non turpis placerat tristique. Duis et rutrum ligula. Curabitur vitae nibh facilisis, feugiat lorem vitae, viverra diam. Morbi consectetur blandit metus vel tempus. Integer tristique tellus nec sem semper, a molestie justo vehicula. Quisque mattis placerat augue, ac eleifend orci euismod quis. Nullam posuere lectus vitae rutrum tristique. Donec non ipsum mauris. Phasellus venenatis ac ex nec fermentum. Sed iaculis, felis sit amet blandit malesuada, lacus nibh pulvinar sem, a elementum enim libero ut mi. Cras feugiat massa id nisl feugiat, sit amet dictum risus placerat. Suspendisse sit amet iaculis mauris, vulputate bibendum nunc. Nulla erat orci, tristique nec eleifend nec, tincidunt ac neque. Interdum et malesuada fames ac ante ipsum primis in faucibus. Nulla facilisi.",
            "keywords": ["HTML", "CSS", "JavaScript", "jQuery", "Photoshop"],
            "age" : 22
        },
        {
            "id": 2,
            "Location": "Banglore",
            "title": "Senior JavaScript Developer",
            "description": "Lorem ipsum dolor sit amet, consectetur adipiscing elit. Integer malesuada diam ultrices, tempus massa consectetur, venenatis mauris. Maecenas et dui non turpis placerat tristique. Duis et rutrum ligula. Curabitur vitae nibh facilisis, feugiat lorem vitae, viverra diam. Morbi consectetur blandit metus vel tempus. Integer tristique tellus nec sem semper, a molestie justo vehicula. Quisque mattis placerat augue, ac eleifend orci euismod quis. Nullam posuere lectus vitae rutrum tristique. Donec non ipsum mauris. Phasellus venenatis ac ex nec fermentum. Sed iaculis, felis sit amet blandit malesuada, lacus nibh pulvinar sem, a elementum enim libero ut mi. Cras feugiat massa id nisl feugiat, sit amet dictum risus placerat. Suspendisse sit amet iaculis mauris, vulputate bibendum nunc. Nulla erat orci, tristique nec eleifend nec, tincidunt ac neque. Interdum et malesuada fames ac ante ipsum primis in faucibus. Nulla facilisi.",
            "keywords": ["JavaScript", "Backbone.js", "AngularJS", "Node.js"],
            "age" : 29
        },
        {
            "id": 3,
            "Location": "New York, NY",
            "title": "Fullstack Web Developer",
            "description": "Lorem ipsum dolor sit amet, consectetur adipiscing elit. Integer malesuada diam ultrices, tempus massa consectetur, venenatis mauris. Maecenas et dui non turpis placerat tristique. Duis et rutrum ligula. Curabitur vitae nibh facilisis, feugiat lorem vitae, viverra diam. Morbi consectetur blandit metus vel tempus. Integer tristique tellus nec sem semper, a molestie justo vehicula. Quisque mattis placerat augue, ac eleifend orci euismod quis. Nullam posuere lectus vitae rutrum tristique. Donec non ipsum mauris. Phasellus venenatis ac ex nec fermentum. Sed iaculis, felis sit amet blandit malesuada, lacus nibh pulvinar sem, a elementum enim libero ut mi. Cras feugiat massa id nisl feugiat, sit amet dictum risus placerat. Suspendisse sit amet iaculis mauris, vulputate bibendum nunc. Nulla erat orci, tristique nec eleifend nec, tincidunt ac neque. Interdum et malesuada fames ac ante ipsum primis in faucibus. Nulla facilisi.",
            "keywords": ["Ruby on Rails", "PostgreSQL", "AngularJS", "Node.js"],
            "age" : 25
        },
        {
            "id": 4,
            "Location": "Gurgoan, NY",
            "title": "Angular Developer",
            "description": "Lorem ipsum dolor sit amet, consectetur adipiscing elit. Integer malesuada diam ultrices, tempus massa consectetur, venenatis mauris. Maecenas et dui non turpis placerat tristique. Duis et rutrum ligula. Curabitur vitae nibh facilisis, feugiat lorem vitae, viverra diam. Morbi consectetur blandit metus vel tempus. Integer tristique tellus nec sem semper, a molestie justo vehicula. Quisque mattis placerat augue, ac eleifend orci euismod quis. Nullam posuere lectus vitae rutrum tristique. Donec non ipsum mauris. Phasellus venenatis ac ex nec fermentum. Sed iaculis, felis sit amet blandit malesuada, lacus nibh pulvinar sem, a elementum enim libero ut mi. Cras feugiat massa id nisl feugiat, sit amet dictum risus placerat. Suspendisse sit amet iaculis mauris, vulputate bibendum nunc. Nulla erat orci, tristique nec eleifend nec, tincidunt ac neque. Interdum et malesuada fames ac ante ipsum primis in faucibus. Nulla facilisi.",
            "keywords": ["Ruby on Rails", "PostgreSQL", "AngularJS", "Node.js"],
            "age" : 28
        },
        {
            "id": 5,
            "Location": "Noida",
            "title": "Fullstack Web Developer",
            "description": "Lorem ipsum dolor sit amet, consectetur adipiscing elit. Integer malesuada diam ultrices, tempus massa consectetur, venenatis mauris. Maecenas et dui non turpis placerat tristique. Duis et rutrum ligula. Curabitur vitae nibh facilisis, feugiat lorem vitae, viverra diam. Morbi consectetur blandit metus vel tempus. Integer tristique tellus nec sem semper, a molestie justo vehicula. Quisque mattis placerat augue, ac eleifend orci euismod quis. Nullam posuere lectus vitae rutrum tristique. Donec non ipsum mauris. Phasellus venenatis ac ex nec fermentum. Sed iaculis, felis sit amet blandit malesuada, lacus nibh pulvinar sem, a elementum enim libero ut mi. Cras feugiat massa id nisl feugiat, sit amet dictum risus placerat. Suspendisse sit amet iaculis mauris, vulputate bibendum nunc. Nulla erat orci, tristique nec eleifend nec, tincidunt ac neque. Interdum et malesuada fames ac ante ipsum primis in faucibus. Nulla facilisi.",
            "keywords": ["Ruby on Rails", "PostgreSQL", "AngularJS", "Node.js"],
            "age" : 25
        },
        {
            "id": 6,
            "Location": "Noida",
            "title": "Fullstack Web Developer",
            "description": "Lorem ipsum dolor sit amet, consectetur adipiscing elit. Integer malesuada diam ultrices, tempus massa consectetur, venenatis mauris. Maecenas et dui non turpis placerat tristique. Duis et rutrum ligula. Curabitur vitae nibh facilisis, feugiat lorem vitae, viverra diam. Morbi consectetur blandit metus vel tempus. Integer tristique tellus nec sem semper, a molestie justo vehicula. Quisque mattis placerat augue, ac eleifend orci euismod quis. Nullam posuere lectus vitae rutrum tristique. Donec non ipsum mauris. Phasellus venenatis ac ex nec fermentum. Sed iaculis, felis sit amet blandit malesuada, lacus nibh pulvinar sem, a elementum enim libero ut mi. Cras feugiat massa id nisl feugiat, sit amet dictum risus placerat. Suspendisse sit amet iaculis mauris, vulputate bibendum nunc. Nulla erat orci, tristique nec eleifend nec, tincidunt ac neque. Interdum et malesuada fames ac ante ipsum primis in faucibus. Nulla facilisi.",
            "keywords": ["Ruby on Rails", "PostgreSQL", "AngularJS", "Node.js"],
            "age" : 35
        },
        {
            "id": 7,
            "Location": "New York, NY",
            "title": "Fullstack Web Developer",
            "description": "Lorem ipsum dolor sit amet, consectetur adipiscing elit. Integer malesuada diam ultrices, tempus massa consectetur, venenatis mauris. Maecenas et dui non turpis placerat tristique. Duis et rutrum ligula. Curabitur vitae nibh facilisis, feugiat lorem vitae, viverra diam. Morbi consectetur blandit metus vel tempus. Integer tristique tellus nec sem semper, a molestie justo vehicula. Quisque mattis placerat augue, ac eleifend orci euismod quis. Nullam posuere lectus vitae rutrum tristique. Donec non ipsum mauris. Phasellus venenatis ac ex nec fermentum. Sed iaculis, felis sit amet blandit malesuada, lacus nibh pulvinar sem, a elementum enim libero ut mi. Cras feugiat massa id nisl feugiat, sit amet dictum risus placerat. Suspendisse sit amet iaculis mauris, vulputate bibendum nunc. Nulla erat orci, tristique nec eleifend nec, tincidunt ac neque. Interdum et malesuada fames ac ante ipsum primis in faucibus. Nulla facilisi.",
            "keywords": ["Ruby on Rails", "PostgreSQL", "AngularJS", "Node.js"],
            "age" : 32
        }
    ]
}